PriorGold,0
14,0.0
18,0.0
8,0.0
0,0.04916476664650319
5,0.10526315789473684
1,0.10841022001419447
2,0.11616954474097331
4,0.11666666666666667
3,0.11791383219954649
6,0.11904761904761904
7,0.25
