PriorSilver,0
0,0.04915993402476867
3,0.09183673469387756
4,0.09195402298850575
2,0.10863239573229874
1,0.1088404480775053
5,0.16666666666666666
