thisYearParticipation,0
14,0.0
16,0.0
28,0.0
27,0.0
25,0.0
19,0.0
18,0.0
17,0.0
11,0.01818181818181818
7,0.021518230723251645
8,0.022015475313190862
44,0.022727272727272728
9,0.027450980392156862
6,0.02792956891317547
5,0.031545741324921134
12,0.03787878787878788
13,0.038461538461538464
4,0.04479578392621871
2,0.0454382183908046
10,0.04736842105263158
3,0.05176846640261274
1,0.05999740306114168
15,0.06666666666666667
