is_country_hosting,0
False,0.05053915853534645
True,0.060728489363045264
