PriorBronze,0
6,0.0
0,0.04928394831366329
5,0.08
2,0.08645833333333333
3,0.08917197452229299
1,0.10552691867124857
4,0.16326530612244897
