is_country_hosting,0
False,0.048449284266439616
True,0.09115586137238811
