PriorBronze,0
6,0.0
4,0.04081632653061224
0,0.04962914586929141
5,0.08
3,0.09554140127388536
1,0.10051546391752578
2,0.103125
