PriorGold,0
0,0.04535386906146759
1,0.20972320794889993
4,0.2388888888888889
2,0.24489795918367346
3,0.2789115646258503
7,0.375
8,0.4
6,0.42857142857142855
5,0.47368421052631576
14,0.5714285714285714
18,0.8333333333333334
