PriorSilver,0
5,0.0
0,0.04842376972035075
1,0.1307901907356948
4,0.13793103448275862
2,0.14645974781765275
3,0.1989795918367347
