thisYearParticipation,0
14,0.0
44,0.0
28,0.0
27,0.0
25,0.0
19,0.0
18,0.0
17,0.0
16,0.015625
8,0.021554900515843772
7,0.027296274158198845
6,0.030358227079538554
11,0.03636363636363636
9,0.036601307189542485
12,0.03787878787878788
5,0.04668769716088328
2,0.04713441890166028
4,0.047760210803689064
3,0.05454798137724967
10,0.05789473684210526
1,0.05819577672818166
13,0.07692307692307693
15,0.3333333333333333
