thisYearParticipation,0
14,0.0
19,0.0
18,0.0
28,0.0
25,0.0
17,0.0
16,0.015625
44,0.022727272727272728
27,0.037037037037037035
8,0.06383566691230656
7,0.07033273560470213
6,0.08561020036429873
9,0.09803921568627451
12,0.09848484848484848
5,0.11440588853838066
11,0.11818181818181818
13,0.1346153846153846
2,0.1386294699872286
4,0.1431159420289855
3,0.1585713293030366
10,0.16842105263157894
1,0.17599130025482462
15,0.4666666666666667
