PriorBronze,0
6,0.0
0,0.14724541680272427
5,0.2
3,0.2611464968152866
2,0.28125
1,0.313573883161512
4,0.3469387755102041
