PriorSilver,0
0,0.14515482746731523
5,0.16666666666666666
4,0.3218390804597701
1,0.36466848319709355
2,0.3937924345295829
3,0.45918367346938777
