is_country_hosting,0
False,0.14745707775590075
True,0.22770027144750962
