PriorBronze,0
6,0.0
5,0.04
0,0.04833232261976956
3,0.07643312101910828
2,0.09166666666666666
1,0.10753150057273769
4,0.14285714285714285
