thisYearParticipation,0
14,0.0
16,0.0
44,0.0
28,0.0
25,0.0
19,0.0
18,0.0
17,0.0
13,0.019230769230769232
8,0.020265291083271922
7,0.021518230723251645
12,0.022727272727272728
6,0.0273224043715847
9,0.03398692810457516
5,0.03617245005257624
27,0.037037037037037035
2,0.04605683269476373
4,0.050559947299077736
3,0.05225488152317421
1,0.05779812046550129
10,0.06315789473684211
11,0.06363636363636363
15,0.06666666666666667
