PriorSilver,0
5,0.0
0,0.04757112372219582
4,0.09195402298850575
1,0.12503784438389343
2,0.13870029097963144
3,0.1683673469387755
