is_country_hosting,0
False,0.04846863495411468
True,0.07581592071207625
